VARIABLE	beta	SE	ci.lo	ci.hi	t-value	pvalue
sbp_T2	11.853966463025	17.6043835068082	-22.650625210319	46.3585581363689	0.673353114492232	0.501985935390112
