VARIABLE	beta	SE	ci.lo	ci.hi	t-value	pvalue
sbp_T2	-2.27761083339518	5.56711051396882	-13.1891474407741	8.63392577398371	-0.409119026410608	0.683163822187063
