VARIABLE	beta	SE	ci.lo	ci.hi	t-value	pvalue
SBP_T1	13.763587194911	7.43962189114423	-0.818071711731692	28.3452461015537	1.8500385364066	0.0665961495215418
