VARIABLE	beta	SE	ci.lo	ci.hi	t-value	pvalue
DBP_T1	-3.2569570575831	32.7078895668081	-67.3644206085271	60.8505064933609	-0.0995771081754003	0.920834648714513
