VARIABLE	beta	SE	ci.lo	ci.hi	t-value	pvalue
Altered_components_Metabolic_Health	-5.50042064309213	2.30627611004365	-10.0207218187777	-0.980119467406574	-2.38497923953608	0.0186329189684684
