VARIABLE	beta	SE	ci.lo	ci.hi	t-value	pvalue
SBP_T1	24.0584950094869	32.2931796247848	-39.2361370550912	87.353127074065	0.74500235929144	0.457625456135194
