VARIABLE	beta	SE	ci.lo	ci.hi	t-value	pvalue
DBP_T1	-1.35892026218312	3.61399587846143	-8.44235218396753	5.7245116596013	-0.376015996665066	0.70752266772266
