VARIABLE	beta	SE	ci.lo	ci.hi	t-value	pvalue
wc_T2	-46724.8041922988	1950462.03060363	-3869630.38417542	3776180.77579082	-0.0239557619985242	0.980925494602572
