VARIABLE	beta	SE	ci.lo	ci.hi	t-value	pvalue
DBP_T1	-1.6354547639666	43.818058274509	-87.5188489820043	84.2479394540711	-0.0373237616719775	0.970284556498779
