VARIABLE	beta	SE	ci.lo	ci.hi	t-value	pvalue
HOMA_T1	386.839277881517	209.881564636947	-24.5285888068994	798.207144569934	1.84313128478278	0.0675875224492399
