VARIABLE	beta	SE	ci.lo	ci.hi	t-value	pvalue
WC_T1	346398.913413806	779004.738619163	-1180450.37427975	1873248.20110737	0.444668557508161	0.657298728683257
