VARIABLE	beta	SE	ci.lo	ci.hi	t-value	pvalue
wc_T2	2513251.25216212	1198837.59662636	163529.562774453	4862972.94154978	2.09640676871883	0.038030479408138
