VARIABLE	beta	SE	ci.lo	ci.hi	t-value	pvalue
Insulin__mU_l__T1	165.277012790097	745.31362957345	-1295.53770117387	1626.09172675406	0.221754985058688	0.824852594607679
