VARIABLE	beta	SE	ci.lo	ci.hi	t-value	pvalue
bmi_zscore_T2	597444.012897907	1332790.08189553	-2014824.54761733	3209712.57341314	0.448265650392751	0.654702010274441
