VARIABLE	beta	SE	ci.lo	ci.hi	t-value	pvalue
DBP_T1	0.0164385934830221	5.96181970839721	-11.6687280349755	11.7016052219416	0.00275731140609106	0.99780424602957
