VARIABLE	beta	SE	ci.lo	ci.hi	t-value	pvalue
wc_T2	4091171.68982778	8762768.83955405	-13083855.2356982	21266198.6153537	0.46688116105046	0.641391211211359
