VARIABLE	beta	SE	ci.lo	ci.hi	t-value	pvalue
Moderate_20m15sEven_T2	-66397468.9662495	70588645.2478723	-204751213.652079	71956275.7195801	-0.940625347505885	0.348628150650184
