VARIABLE	beta	SE	ci.lo	ci.hi	t-value	pvalue
bmi_zscore_T2	-1554168.67540337	1634702.97203806	-4758186.50059796	1649849.14979122	-0.950734599488564	0.343489897214034
