VARIABLE	beta	SE	ci.lo	ci.hi	t-value	pvalue
dbp_T2	-2.34701399045439	13.326777291489	-28.4674974817729	23.7734695008641	-0.176112644424041	0.860495075030823
