VARIABLE	beta	SE	ci.lo	ci.hi	t-value	pvalue
sbp_T2	1.07588597806567	37.8629936311882	-73.1355815390633	75.2873534951946	0.0284152380698035	0.977377023592246
