VARIABLE	beta	SE	ci.lo	ci.hi	t-value	pvalue
dbp_T2	-7.12631708097832	7.23391358970982	-21.3047877168096	7.05215355485293	-0.985126099807916	0.326495998101276
