VARIABLE	beta	SE	ci.lo	ci.hi	t-value	pvalue
SBP_T1	23.5815581769552	24.908362798221	-25.2388329075579	72.4019492614682	0.946732563998122	0.345545116073908
