VARIABLE	beta	SE	ci.lo	ci.hi	t-value	pvalue
BMIz__Orbegozo__T1	1994762.9696692	953986.300057392	124949.82155671	3864576.11778169	2.09097653661189	0.0384621623119768
