VARIABLE	beta	SE	ci.lo	ci.hi	t-value	pvalue
WC_T1	20018344.1275363	12434429.0734575	-4353136.85644035	44389825.1115129	1.60991260710694	0.10984255012493
