VARIABLE	beta	SE	ci.lo	ci.hi	t-value	pvalue
BMIz__Orbegozo__T1	269994.462896563	1002339.54795825	-1694591.05110161	2234579.97689473	0.269364272263364	0.78807318775313
