VARIABLE	beta	SE	ci.lo	ci.hi	t-value	pvalue
BMIz__Orbegozo__T1	2447662.64750319	1065828.97265575	358637.861097918	4536687.43390847	2.29648725104957	0.023235275828954
