VARIABLE	beta	SE	ci.lo	ci.hi	t-value	pvalue
bmi_zscore_T2	780770.404585278	973519.07699667	-1127326.9863282	2688867.79549875	0.802008325295457	0.424000616344552
