VARIABLE	beta	SE	ci.lo	ci.hi	t-value	pvalue
bmi_zscore_T2	1042067.69423598	884817.16307572	-692173.945392431	2776309.33386439	1.17772093232645	0.241043021631288
