VARIABLE	beta	SE	ci.lo	ci.hi	t-value	pvalue
Insulin__mU_l__T1	2060.63049659746	955.32561354765	188.192294044071	3933.06869915086	2.15699282775975	0.0328457898509449
