VARIABLE	beta	SE	ci.lo	ci.hi	t-value	pvalue
sbp_T2	21.2884854324352	31.1053125495002	-39.6779271645851	82.2548980294556	0.684400306171407	0.495009950143455
