VARIABLE	beta	SE	ci.lo	ci.hi	t-value	pvalue
bmi_zscore_T2	29051.8793045774	94047.8890971902	-155281.983325915	213385.74193507	0.308905171434043	0.757884395310925
