VARIABLE	beta	SE	ci.lo	ci.hi	t-value	pvalue
HOMA_T1	22.1947874853652	162.866368354109	-297.023294488689	341.412869459419	0.136276063067291	0.891813854606469
