VARIABLE	beta	SE	ci.lo	ci.hi	t-value	pvalue
dbp_T2	-33.0255663862437	37.6717301702492	-106.862157519932	40.8110247474447	-0.876667098564145	0.382376458109055
