VARIABLE	beta	SE	ci.lo	ci.hi	t-value	pvalue
WC_T1	1983304.73430844	1498542.42604458	-953838.420738932	4920447.88935582	1.32348921180924	0.187995574938606
