VARIABLE	beta	SE	ci.lo	ci.hi	t-value	pvalue
Altered_components_Metabolic_Health	-0.986329204781303	2.98854380638245	-6.8438750652909	4.87121665572829	-0.330036723127452	0.741933651683483
