VARIABLE	beta	SE	ci.lo	ci.hi	t-value	pvalue
BMIz__Orbegozo__T1	502776.440682046	1474035.03858696	-2386332.2349484	3391885.1163125	0.341088527423348	0.733583389097657
