VARIABLE	beta	SE	ci.lo	ci.hi	t-value	pvalue
WC_Height_T1	4073.66890300271	4929.15722138289	-5587.47925090776	13734.8170569132	0.826443288384262	0.410066929458426
