VARIABLE	beta	SE	ci.lo	ci.hi	t-value	pvalue
BMIz__Orbegozo__T1	-213905.760134198	1814491.28927628	-3770308.68711571	3342497.16684731	-0.117887454956874	0.906337396991723
