VARIABLE	beta	SE	ci.lo	ci.hi	t-value	pvalue
bmi_zscore_T2	804044.284898349	993115.874526624	-1142462.82917383	2750551.39897053	0.809617795387272	0.419628026894094
