VARIABLE	beta	SE	ci.lo	ci.hi	t-value	pvalue
dbp_T2	-45.018416065556	34.0101169061551	-111.67824520162	21.6414130705081	-1.32367719257703	0.188065205834141
