VARIABLE	beta	SE	ci.lo	ci.hi	t-value	pvalue
WC_Height_T1	709.718828301096	9479.93969948194	-17870.9629826835	19290.4006392857	0.0748653315104821	0.940436941763888
