VARIABLE	beta	SE	ci.lo	ci.hi	t-value	pvalue
sbp_T2	-0.721682796020047	3.14131051374654	-6.87865140296326	5.43528581092316	-0.229739401075419	0.818675889578283
