VARIABLE	beta	SE	ci.lo	ci.hi	t-value	pvalue
SBP_T1	18.4022410379064	15.7819814473747	-12.5304425989481	49.3349246747608	1.16602855600033	0.245754188833676
