VARIABLE	beta	SE	ci.lo	ci.hi	t-value	pvalue
dbp_T2	-0.541032160565615	3.88990664560268	-8.16524918594687	7.08318486481564	-0.139086155493531	0.889609539907028
