VARIABLE	beta	SE	ci.lo	ci.hi	t-value	pvalue
wc_T2	-683930.05559783	580263.766272521	-1821247.03749197	453386.92629631	-1.17865373533701	0.240739683583936
