VARIABLE	beta	SE	ci.lo	ci.hi	t-value	pvalue
bmi_zscore_T2	-32063.9791829121	97595.8643471936	-223351.873303412	159223.914937587	-0.328538298189007	0.74302927816357
