VARIABLE	beta	SE	ci.lo	ci.hi	t-value	pvalue
Altered_components_Metabolic_Health	-6.70423423011171	5.66979538860422	-17.817033191776	4.40856473155257	-1.18244729670256	0.239309009201643
