VARIABLE	beta	SE	ci.lo	ci.hi	t-value	pvalue
sbp_T2	15.1640696248162	8.49158308623258	-1.47943322419966	31.8075724738321	1.78577651196768	0.0765995563342317
