VARIABLE	beta	SE	ci.lo	ci.hi	t-value	pvalue
DBP_T1	21.5399020176627	12.0074310572598	-1.99466285456645	45.0744668898918	1.7938809654576	0.0751746065137906
