VARIABLE	beta	SE	ci.lo	ci.hi	t-value	pvalue
WC_Height_T1	119278.126277456	78976.7765786076	-35516.3558166148	274072.608371527	1.51029367675871	0.133395346115152
