VARIABLE	beta	SE	ci.lo	ci.hi	t-value	pvalue
WC_T1	-234216.140755732	2652321.33896289	-5432765.965123	4964333.68361154	-0.0883060952363015	0.929769283358874
