VARIABLE	beta	SE	ci.lo	ci.hi	t-value	pvalue
dbp_T2	-9.34797511285438	46.9196628057278	-101.310514212081	82.614563986372	-0.199233637964534	0.842408964161797
