VARIABLE	beta	SE	ci.lo	ci.hi	t-value	pvalue
SBP_T1	-1.3177667900407	4.7397290639426	-10.6076357553682	7.9721021752868	-0.278025763131818	0.781437700842264
