VARIABLE	beta	SE	ci.lo	ci.hi	t-value	pvalue
SBP_T1	8.41001156477726	9.25759610833147	-9.73487680755242	26.5548999371069	0.908444424056109	0.36533750543948
