VARIABLE	beta	SE	ci.lo	ci.hi	t-value	pvalue
bmi_zscore_T2	888918.278181655	916409.239894323	-907243.832011218	2685080.38837453	0.970001435476755	0.333833321742266
