VARIABLE	beta	SE	ci.lo	ci.hi	t-value	pvalue
SBP_T1	-4.23314971952835	2.89064715041378	-9.89881813433936	1.43251869528266	-1.46442976235353	0.145509332391751
