VARIABLE	beta	SE	ci.lo	ci.hi	t-value	pvalue
BMIz__Orbegozo__T1	-274702.300400052	1064484.8551051	-2361092.61640604	1811688.01560593	-0.258061257595751	0.796764608456103
