VARIABLE	beta	SE	ci.lo	ci.hi	t-value	pvalue
SBP_T1	22.2765177176801	27.7736096922998	-32.1597572792276	76.7127927145878	0.802074990052741	0.423984676490675
