VARIABLE	beta	SE	ci.lo	ci.hi	t-value	pvalue
sbp_T2	26.9942272265963	27.8822888349819	-27.6550588899682	81.6435133431609	0.968149615921367	0.334869493289974
