VARIABLE	beta	SE	ci.lo	ci.hi	t-value	pvalue
QUICKI_T1	-2.25686542154717	5.22250521841651	-12.4929756496435	7.97924480654919	-0.432142300899695	0.666353935216708
