VARIABLE	beta	SE	ci.lo	ci.hi	t-value	pvalue
sbp_T2	18.8100318582823	10.400999434707	-1.57592703374341	39.1959907503081	1.80848311514327	0.0729743233161756
