VARIABLE	beta	SE	ci.lo	ci.hi	t-value	pvalue
QUICKI_T1	-10.8994845195861	6.75210158882691	-24.1336036336869	2.33463459451462	-1.6142358606722	0.108900951335674
