VARIABLE	beta	SE	ci.lo	ci.hi	t-value	pvalue
DBP_T1	7.32001189319603	34.8986316434876	-61.0813061280397	75.7213299144318	0.209750685011801	0.834193167083752
