VARIABLE	beta	SE	ci.lo	ci.hi	t-value	pvalue
WC_Height_T1	4299.78297356416	16680.2614101097	-28393.5293902509	36993.0953373792	0.257776713916373	0.796986850201222
